{
  "execPath": "/Users/mifmasterz/.platformio/packages/toolchain-xtensa/bin/xtensa-lx106-elf-g++",
  "gccDefaultCFlags": "-fsyntax-only -std=gnu99 -Wpointer-arith -Wno-implicit-function-declaration -Wl,-EL -fno-inline-functions -nostdlib -Os -mlongcalls -mtext-section-literals -falign-functions=4 -ffunction-sections -fdata-sections -DARDUINO=20300 -DLWIP_OPEN_SRC -DF_CPU=80000000L -D__ets__ -DICACHE_FLASH -DPLATFORMIO=030100 -DESP8266 -DARDUINO_ARCH_ESP8266 -DARDUINO_ESP8266_NODEMCU -U__STRICT_ANSI__",
  "gccDefaultCppFlags": "-fsyntax-only -fno-rtti -fno-exceptions -std=c++11 -Os -mlongcalls -mtext-section-literals -falign-functions=4 -ffunction-sections -fdata-sections -DARDUINO=20300 -DLWIP_OPEN_SRC -DF_CPU=80000000L -D__ets__ -DICACHE_FLASH -DPLATFORMIO=030100 -DESP8266 -DARDUINO_ARCH_ESP8266 -DARDUINO_ESP8266_NODEMCU -U__STRICT_ANSI__",
  "gccErrorLimit": 15,
  "gccIncludePaths": "/Users/mifmasterz/.platformio/packages/framework-arduinoespressif8266/tools/sdk/include,/Users/mifmasterz/.platformio/packages/framework-arduinoespressif8266/tools/sdk/lwip/include,/Users/mifmasterz/.platformio/packages/framework-arduinoespressif8266/cores/esp8266,/Users/mifmasterz/.platformio/packages/framework-arduinoespressif8266/variants/nodemcu,/Users/mifmasterz/.platformio/packages/framework-arduinoespressif8266/libraries/SPI,/Users/mifmasterz/.platformio/packages/framework-arduinoespressif8266/libraries/Wire,/Users/mifmasterz/.platformio/packages/framework-arduinoespressif8266/libraries/EEPROM,/Users/mifmasterz/.platformio/packages/framework-arduinoespressif8266/libraries/ESP8266WiFi/src,/Users/mifmasterz/Documents/Events/Azure Tech Meetup/HandsOn/NodeMcuAzure/src,/Users/mifmasterz/.platformio/packages/framework-arduinoespressif8266/libraries/ArduinoOTA,/Users/mifmasterz/.platformio/packages/framework-arduinoespressif8266/libraries/DNSServer/src,/Users/mifmasterz/.platformio/packages/framework-arduinoespressif8266/libraries/EEPROM,/Users/mifmasterz/.platformio/packages/framework-arduinoespressif8266/libraries/ESP8266AVRISP/src,/Users/mifmasterz/.platformio/packages/framework-arduinoespressif8266/libraries/ESP8266HTTPClient/src,/Users/mifmasterz/.platformio/packages/framework-arduinoespressif8266/libraries/ESP8266HTTPUpdateServer/src,/Users/mifmasterz/.platformio/packages/framework-arduinoespressif8266/libraries/ESP8266SSDP,/Users/mifmasterz/.platformio/packages/framework-arduinoespressif8266/libraries/ESP8266WebServer/src,/Users/mifmasterz/.platformio/packages/framework-arduinoespressif8266/libraries/ESP8266WiFi/src,/Users/mifmasterz/.platformio/packages/framework-arduinoespressif8266/libraries/ESP8266WiFiMesh/src,/Users/mifmasterz/.platformio/packages/framework-arduinoespressif8266/libraries/ESP8266httpUpdate/src,/Users/mifmasterz/.platformio/packages/framework-arduinoespressif8266/libraries/ESP8266mDNS,/Users/mifmasterz/.platformio/packages/framework-arduinoespressif8266/libraries/Ethernet/src,/Users/mifmasterz/.platformio/packages/framework-arduinoespressif8266/libraries/GDBStub/src,/Users/mifmasterz/.platformio/packages/framework-arduinoespressif8266/libraries/Hash/src,/Users/mifmasterz/.platformio/packages/framework-arduinoespressif8266/libraries/SD/src,/Users/mifmasterz/.platformio/packages/framework-arduinoespressif8266/libraries/SPI,/Users/mifmasterz/.platformio/packages/framework-arduinoespressif8266/libraries/Servo/src,/Users/mifmasterz/.platformio/packages/framework-arduinoespressif8266/libraries/SoftwareSerial,/Users/mifmasterz/.platformio/packages/framework-arduinoespressif8266/libraries/TFT_Touch_Shield_V2,/Users/mifmasterz/.platformio/packages/framework-arduinoespressif8266/libraries/Ticker,/Users/mifmasterz/.platformio/packages/framework-arduinoespressif8266/libraries/Wire,/Users/mifmasterz/.platformio/packages/framework-arduinoespressif8266/libraries/esp8266/src,/Users/mifmasterz/.platformio/packages/toolchain-xtensa/xtensa-lx106-elf/include,/Users/mifmasterz/.platformio/packages/toolchain-xtensa/lib/gcc/xtensa-lx106-elf/4.8.2/include,/Users/mifmasterz/.platformio/packages/toolchain-xtensa/lib/gcc/xtensa-lx106-elf/4.8.2/include-fixed",
  "gccSuppressWarnings": false
}
